<application>
  <component name="LocalDatabaseDriverManager" version="201">
    <driver id="bigquery">
      <artifact id="BigQuery" name="BigQuery" use="true" version="1.5.2" />
      <jdbc-additional-properties>
        <property name="override.awt.toolkit" value="false" />
      </jdbc-additional-properties>
    </driver>
    <driver id="mysql.8">
      <artifact id="MySQL Connector/J" name="MySQL Connector/J" use="true" version="8.0.25" />
    </driver>
    <driver id="postgresql">
      <artifact id="PostgreSQL" name="PostgreSQL" use="true" version="42.5.0" />
    </driver>
  </component>
</application>